TARCICA SUCHA;TD-28/E;TARCICA D･B;Extra;2,5-3,5;28;-;-;-;1;-;-;-;-;3 570,00 zｳ
;TD-28/I;TARCICA D･B;I;2,5-3,5;28;-;-;-;1;-;-;-;-;3 050,00 zｳ
;TD-28/II;TARCICA D･B;II;2,5-3,5;28;-;-;-;1;-;-;-;-;2 260,00 zｳ
;TD-28/III;TARCICA D･B;III;2,5-3,5;28;-;-;-;1;-;-;-;-;1 450,00 zｳ
;TDD-28/E;TARCICA D･B D｣UGA;Extra;4,5;28;-;-;-;1;-;-;-;-;3 250,00 zｳ
;TDD-28/I;TARCICA D･B D｣UGA;I;4,5;28;-;-;-;1;-;-;-;-;3 250,00 zｳ
;TDD-28/II;TARCICA D･B D｣UGA;II;4,5;28;-;-;-;1;-;-;-;-;2 460,00 zｳ
;TDD-28/III;TARCICA D･B D｣UGA;III;4,5;28;-;-;-;1;-;-;-;-;1 650,00 zｳ
;TD-38/E;TARCICA D･B;Extra;2,5-3,5;38;-;-;-;1;-;-;-;-;3 700,00 zｳ
;TD-38/I;TARCICA D･B;I;2,5-3,5;38;-;-;-;1;-;-;-;-;3 300,00 zｳ
;TD-38/II;TARCICA D･B;II;2,5-3,5;38;-;-;-;1;-;-;-;-;2 360,00 zｳ
;TD-38/III;TARCICA D･B;III;2,5-3,5;38;-;-;-;1;-;-;-;-;1 550,00 zｳ
;TD-50/E;TARCICA D･B;Extra;2,5-3,5;50;-;-;-;1;-;-;-;-;3 980,00 zｳ
;TD-50/I;TARCICA D･B;I;2,5-3,5;50;-;-;-;1;-;-;-;-;3 470,00 zｳ
;TD-50/II;TARCICA D･B;II;2,5-3,5;50;-;-;-;1;-;-;-;-;2 530,00 zｳ
;TD-50/III;TARCICA D･B;III;2,5-3,5;50;-;-;-;1;-;-;-;-;1 650,00 zｳ
;TDD-50/E;TARCICA D･B D｣UGA;Extra;4,5;50;-;-;-;1;-;-;-;-;4 180,00 zｳ
;TDD-50/I;TARCICA D･B D｣UGA;I;4,5;50;-;-;-;1;-;-;-;-;3 670,00 zｳ
;TDD-50/II;TARCICA D･B D｣UGA;II;4,5;50;-;-;-;1;-;-;-;-;2 730,00 zｳ
;TDD-50/III;TARCICA D･B D｣UGA;III;4,5;50;-;-;-;1;-;-;-;-;1 850,00 zｳ
;TJ-28/E;TARCICA JESION;Extra;2,5-3,5;28;-;-;-;1;-;-;-;-;2 910,00 zｳ
;TJ-28/I;TARCICA JESION;I;2,5-3,5;28;-;-;-;1;-;-;-;-;2 220,00 zｳ
;TJ-28/II;TARCICA JESION;II;2,5-3,5;28;-;-;-;1;-;-;-;-;1 790,00 zｳ
;TJ-28/III;TARCICA JESION;III;2,5-3,5;28;-;-;-;1;-;-;-;-;880,00 zｳ
;TJD-28/E;TARCICA JESION D｣UGA;Extra;4,5;28;-;-;-;1;-;-;-;-;3 110,00 zｳ
;TJD-28/I;TARCICA JESION D｣UGA;I;4,5;28;-;-;-;1;-;-;-;-;2 420,00 zｳ
;TJD-28/II;TARCICA JESION D｣UGA;II;4,5;28;-;-;-;1;-;-;-;-;1 990,00 zｳ
;TJD-28/III;TARCICA JESION D｣UGA;III;4,5;28;-;-;-;1;-;-;-;-;1 080,00 zｳ
;TJ-38/E;TARCICA JESION;Extra;2,5-3,5;38;-;-;-;1;-;-;-;-;3 170,00 zｳ
;TJ-38/I;TARCICA JESION;I;2,5-3,5;38;-;-;-;1;-;-;-;-;2 480,00 zｳ
;TJ-38/II;TARCICA JESION;II;2,5-3,5;38;-;-;-;1;-;-;-;-;1 850,00 zｳ
;TJ-38/III;TARCICA JESION;III;2,5-3,5;38;-;-;-;1;-;-;-;-;980,00 zｳ
;TJ-50/E;TARCICA JESION;Extra;2,5-3,5;50;-;-;-;1;-;-;-;-;3 170,00 zｳ
;TJ-50/I;TARCICA JESION;I;2,5-3,5;50;-;-;-;1;-;-;-;-;2 480,00 zｳ
;TJ-50/II;TARCICA JESION;II;2,5-3,5;50;-;-;-;1;-;-;-;-;1 850,00 zｳ
;TJ-50/III;TARCICA JESION;III;2,5-3,5;50;-;-;-;1;-;-;-;-;980,00 zｳ
;TJD-50/E;TARCICA JESION D｣UGA;Extra;4,5;50;-;-;-;1;-;-;-;-;3 370,00 zｳ
;TJD-50/I;TARCICA JESION D｣UGA;I;4,5;50;-;-;-;1;-;-;-;-;2 680,00 zｳ
;TJD-50/II;TARCICA JESION D｣UGA;II;4,5;50;-;-;-;1;-;-;-;-;2 050,00 zｳ
;TJD-50/III;TARCICA JESION D｣UGA;III;4,5;50;-;-;-;1;-;-;-;-;1 180,00 zｳ
;TJ-65/E;TARCICA JESION;Extra;4,5;65;-;-;-;1;-;-;-;-;3 370,00 zｳ
;TJ-65/I;TARCICA JESION;I;4,5;65;-;-;-;1;-;-;-;-;2 680,00 zｳ
;TJ-65/II;TARCICA JESION;II;4,5;65;-;-;-;1;-;-;-;-;2 050,00 zｳ
;TJ-65/III;TARCICA JESION;III;4,5;65;-;-;-;1;-;-;-;-;1 180,00 zｳ
;TB-26/E;TARCICA BUK;Extra;2,5-3,5;26;-;-;-;1;-;-;-;-;1 800,00 zｳ
;TB-26/I;TARCICA BUK;I;2,5-3,5;26;-;-;-;1;-;-;-;-;1 450,00 zｳ
;TB-26/II;TARCICA BUK;II;2,5-3,5;26;-;-;-;1;-;-;-;-;1 250,00 zｳ
;TB-26/III;TARCICA BUK;III;2,5-3,5;26;-;-;-;1;-;-;-;-;750,00 zｳ
;TB-26/T;TARCICA BUK;Twar.;2,5-3,5;26;-;-;-;1;-;-;-;-;1 150,00 zｳ
;TB-38/E;TARCICA BUK;Extra;2,5-3,5;38;-;-;-;1;-;-;-;-;1 980,00 zｳ
;TB-38/I;TARCICA BUK;I;2,5-3,5;38;-;-;-;1;-;-;-;-;1 530,00 zｳ
;TB-38/II;TARCICA BUK;II;2,5-3,5;38;-;-;-;1;-;-;-;-;1 330,00 zｳ
;TB-38/III;TARCICA BUK;III;2,5-3,5;38;-;-;-;1;-;-;-;-;980,00 zｳ
;TB-38/T;TARCICA BUK;Twar.;2,5-3,5;38;-;-;-;1;-;-;-;-;1 380,00 zｳ
;TB-50/E;TARCICA BUK;Extra;2,5-3,5;50;-;-;-;1;-;-;-;-;1 980,00 zｳ
;TB-50/I;TARCICA BUK;I;2,5-3,5;50;-;-;-;1;-;-;-;-;1 530,00 zｳ
;TB-50/II;TARCICA BUK;II;2,5-3,5;50;-;-;-;1;-;-;-;-;1 330,00 zｳ
;TB-50/III;TARCICA BUK;III;2,5-3,5;50;-;-;-;1;-;-;-;-;980,00 zｳ
;TB-50/T;TARCICA BUK;Twar.;2,5-3,5;50;-;-;-;1;-;-;-;;1 380,00 zｳ
;TBP-26/E;TARCICA BUK PARZONY;Extra;2,5-3,5;26;-;-;-;1;-;-;-;-;1 800,00 zｳ
;TBP-26/I;TARCICA BUK PARZONY;I;2,5-3,5;26;-;-;-;1;-;-;-;-;1 600,00 zｳ
;TBP-26/II;TARCICA BUK PARZONY;II;2,5-3,5;26;-;-;-;1;-;-;-;-;1 400,00 zｳ
;TBP-26/III;TARCICA BUK PARZONY;III;2,5-3,5;26;-;-;-;1;-;-;-;-;900,00 zｳ
;TBP-26/T;TARCICA BUK PARZONY;Twar.;2,5-3,5;26;-;-;-;1;-;-;-;-;1 300,00 zｳ
;TBP-38/E;TARCICA BUK PARZONY;Extra;2,5-3,5;38;-;-;-;1;-;-;-;-;2 190,00 zｳ
;TBP-38/I;TARCICA BUK PARZONY;I;2,5-3,5;38;-;-;-;1;-;-;-;-;1 680,00 zｳ
;TBP-38/II;TARCICA BUK PARZONY;II;2,5-3,5;38;-;-;-;1;-;-;-;-;1 480,00 zｳ
;TBP-38/III;TARCICA BUK PARZONY;III;2,5-3,5;38;-;-;-;1;-;-;-;-;980,00 zｳ
;TBP-38/T;TARCICA BUK PARZONY;Twar.;2,5-3,5;38;-;-;-;1;-;-;-;-;1 380,00 zｳ
;TBP-50/E;TARCICA BUK PARZONY;Extra;2,5-3,5;50;-;-;-;1;-;-;-;-;2 190,00 zｳ
;TBP-50/I;TARCICA BUK PARZONY;I;2,5-3,5;50;-;-;-;1;-;-;-;-;1 680,00 zｳ
;TBP-50/II;TARCICA BUK PARZONY;II;2,5-3,5;50;-;-;-;1;-;-;-;-;1 480,00 zｳ
;TBP-50/III;TARCICA BUK PARZONY;III;2,5-3,5;50;-;-;-;1;-;-;-;-;980,00 zｳ
;TBP-50/T;TARCICA BUK PARZONY;Twar.;2,5-3,5;50;-;-;-;1;-;-;-;-;1 380,00 zｳ
;TBP-80/I;TARCICA BUK PARZONY;I;2,5-3,5;80;-;-;-;1;-;-;-;-;1 880,00 zｳ
;TS-25/E;TARCICA SOSNA;Extra;05-mar;25;-;-;-;1;-;-;-;-;1 680,00 zｳ
;TS-25/I;TARCICA SOSNA;I;05-mar;25;-;-;-;1;-;-;-;-;1 300,00 zｳ
;TS-25/II;TARCICA SOSNA;II;05-mar;25;-;-;-;1;-;-;-;-;890,00 zｳ
;TS-25/III;TARCICA SOSNA;III;05-mar;25;-;-;-;1;-;-;-;-;680,00 zｳ
;TS-32/E;TARCICA SOSNA;Extra;05-mar;32;-;-;-;1;-;-;-;-;1 780,00 zｳ
;TS-32/I;TARCICA SOSNA;I;05-mar;32;-;-;-;1;-;-;-;-;1 380,00 zｳ
;TS-32/II;TARCICA SOSNA;II;05-mar;32;-;-;-;1;-;-;-;-;940,00 zｳ
;TS-32/III;TARCICA SOSNA;III;05-mar;32;-;-;-;1;-;-;-;-;750,00 zｳ
;TS-38/E;TARCICA SOSNA;Extra;3-4,3;38;-;-;-;1;-;-;-;-;1 780,00 zｳ
;TS-38/I;TARCICA SOSNA;I;3-4,3;38;-;-;-;1;-;-;-;-;1 380,00 zｳ
;TS-38/II;TARCICA SOSNA;II;3-4,3;38;-;-;-;1;-;-;-;-;940,00 zｳ
;TS-38/III;TARCICA SOSNA;III;3-4,3;38;-;-;-;1;-;-;-;-;750,00 zｳ
;TS-50/E;TARCICA SOSNA;Extra;4,3;50;-;-;-;1;-;-;-;-;1 780,00 zｳ
;TS-50/I;TARCICA SOSNA;I;4,3;50;-;-;-;1;-;-;-;-;1 380,00 zｳ
;TS-50/II;TARCICA SOSNA;II;4,3;50;-;-;-;1;-;-;-;-;940,00 zｳ
;TS-50/III;TARCICA SOSNA;III;4,3;50;-;-;-;1;-;-;-;-;750,00 zｳ
;TS-63/E;TARCICA SOSNA;Extra;4,3;63;-;-;-;1;-;-;-;-;1 780,00 zｳ
;TS-63/I;TARCICA SOSNA;I;4,3;63;-;-;-;1;-;-;-;-;1 380,00 zｳ
;TS-63/II;TARCICA SOSNA;II;4,3;63;-;-;-;1;-;-;-;-;940,00 zｳ
;TS-63/III;TARCICA SOSNA;III;4,3;63;-;-;-;1;-;-;-;-;750,00 zｳ
;TS-76/E;TARCICA SOSNA;Extra;4,3;76;-;-;-;1;-;-;-;-;1 780,00 zｳ
;TS-76/I;TARCICA SOSNA;I;4,3;76;-;-;-;1;-;-;-;-;1 380,00 zｳ
;TS-76/II;TARCICA SOSNA;II;4,3;76;-;-;-;1;-;-;-;-;940,00 zｳ
;TS-76/III;TARCICA SOSNA;III;4,3;76;-;-;-;1;-;-;-;-;750,00 zｳ
;TBR-28/E;TARCICA BRZOZA;Extra;2,5-3;28;-;-;-;1;-;-;-;-;1 620,00 zｳ
;TBR-28/I;TARCICA BRZOZA;I;2,5-3;28;-;-;-;1;-;-;-;-;1 300,00 zｳ
;TBR-28/II;TARCICA BRZOZA;II;2,5-3;28;-;-;-;1;-;-;-;-;880,00 zｳ
;TBR-28/III;TARCICA BRZOZA;III;2,5-3;28;-;-;-;1;-;-;-;-;680,00 zｳ
;TBR-38/E;TARCICA BRZOZA;Extra;2,5-3;38;-;-;-;1;-;-;-;-;1 720,00 zｳ
;TBR-38/I;TARCICA BRZOZA;I;2,5-3;38;-;-;-;1;-;-;-;-;1 380,00 zｳ
;TBR-38/II;TARCICA BRZOZA;II;2,5-3;38;-;-;-;1;-;-;-;-;900,00 zｳ
;TBR-38/III;TARCICA BRZOZA;III;2,5-3;38;-;-;-;1;-;-;-;-;680,00 zｳ
;TBR-50/E;TARCICA BRZOZA;Extra;2,5-3;50;-;-;-;1;-;-;-;-;1 720,00 zｳ
;TBR-50/I;TARCICA BRZOZA;I;2,5-3;50;-;-;-;1;-;-;-;-;1 380,00 zｳ
;TBR-50/II;TARCICA BRZOZA;II;2,5-3;50;-;-;-;1;-;-;-;-;900,00 zｳ
;TBR-50/III;TARCICA BRZOZA;III;2,5-3;50;-;-;-;1;-;-;-;-;680,00 zｳ
;TO-28/E;TARCICA OLCHA;Extra;2,5-3;28;-;-;-;1;-;-;-;-;1 680,00 zｳ
;TO-28/I;TARCICA OLCHA;I;2,5-3;28;-;-;-;1;-;-;-;-;1 380,00 zｳ
;TO-28/II;TARCICA OLCHA;II;2,5-3;28;-;-;-;1;-;-;-;-;990,00 zｳ
;TO-28/III;TARCICA OLCHA;III;2,5-3;28;-;-;-;1;-;-;-;-;700,00 zｳ
;TO-38/E;TARCICA OLCHA;Extra;2,5-3;38;-;-;-;1;-;-;-;-;1 780,00 zｳ
;TO-38/I;TARCICA OLCHA;I;2,5-3;38;-;-;-;1;-;-;-;-;1 410,00 zｳ
;TO-38/II;TARCICA OLCHA;II;2,5-3;38;-;-;-;1;-;-;-;-;990,00 zｳ
;TO-38/III;TARCICA OLCHA;III;2,5-3;38;-;-;-;1;-;-;-;-;700,00 zｳ
;TO-38/T;TARCICA OLCHA;Twar.;2,5-3;38;-;-;-;1;-;-;-;-;780,00 zｳ
;TO-50/E;TARCICA OLCHA;Extra;2,5-3;50;-;-;-;1;-;-;-;-;1 780,00 zｳ
;TO-50/I;TARCICA OLCHA;I;2,5-3;50;-;-;-;1;-;-;-;-;1 410,00 zｳ
;TO-50/II;TARCICA OLCHA;II;2,5-3;50;-;-;-;1;-;-;-;-;990,00 zｳ
;TO-50/III;TARCICA OLCHA;III;2,5-3;50;-;-;-;1;-;-;-;-;700,00 zｳ
;TO-50/T;TARCICA OLCHA;Twar.;2,5-3;50;-;-;-;1;-;-;-;-;780,00 zｳ
;TO-65/E;TARCICA OLCHA;Extra;2,5-3;65;-;-;-;1;-;-;-;-;1 780,00 zｳ
;TO-65/I;TARCICA OLCHA;I;2,5-3;65;-;-;-;1;-;-;-;-;1 410,00 zｳ
;TO-65/II;TARCICA OLCHA;II;2,5-3;65;-;-;-;1;-;-;-;-;990,00 zｳ
;TO-65/III;TARCICA OLCHA;III;2,5-3;65;-;-;-;1;-;-;-;-;700,00 zｳ
;TM-32/E;TARCICA MODRZEW;Extra;05-mar;32;-;-;-;1;-;-;-;-;2 100,00 zｳ
;TM-32/I;TARCICA MODRZEW;I;05-mar;32;-;-;-;1;-;-;-;-;1 680,00 zｳ
;TM-32/II;TARCICA MODRZEW;II;05-mar;32;-;-;-;1;-;-;-;-;1 080,00 zｳ
;TM-32/III;TARCICA MODRZEW;III;05-mar;32;-;-;-;1;-;-;-;-;780,00 zｳ
;TM-50/E;TARCICA MODRZEW;Extra;4;50;-;-;-;1;-;-;-;-;2 100,00 zｳ
;TM-50/I;TARCICA MODRZEW;I;4;50;-;-;-;1;-;-;-;-;1 680,00 zｳ
;TM-50/II;TARCICA MODRZEW;II;4;50;-;-;-;1;-;-;-;-;1 080,00 zｳ
;TM-50/III;TARCICA MODRZEW;III;4;50;-;-;-;1;-;-;-;-;780,00 zｳ
;TK-50/E;TARCICA KLON;Extra;2,5-3;50;-;-;-;1;-;-;-;-;3 390,00 zｳ
;TK-50/I;TARCICA KLON;I;2,5-3;50;-;-;-;1;-;-;-;-;2 850,00 zｳ
;TK-50/II;TARCICA KLON;II;2,5-3;50;-;-;-;1;-;-;-;-;1 980,00 zｳ
;TK-50/III;TARCICA KLON;III;2,5-3;50;-;-;-;1;-;-;-;-;1 350,00 zｳ
;TCZ-28/E;TARCICA CZERE君IA;Extra;2,5-3;28;-;-;-;1;-;-;-;-;3 650,00 zｳ
;TCZ-28/I;TARCICA CZERE君IA;I;2,5-3;28;-;-;-;1;-;-;-;-;2 950,00 zｳ
;TCZ-28/II;TARCICA CZERE君IA;II;2,5-3;28;-;-;-;1;-;-;-;-;2 150,00 zｳ
;TCZ-28/III;TARCICA CZERE君IA;III;2,5-3;28;-;-;-;1;-;-;-;-;1 350,00 zｳ
;TCZ-38/E;TARCICA CZERE君IA;Extra;2,5-3;38;-;-;-;1;-;-;-;-;3 650,00 zｳ
;TCZ-38/I;TARCICA CZERE君IA;I;2,5-3;38;-;-;-;1;-;-;-;-;3 950,00 zｳ
;TCZ-38/II;TARCICA CZERE君IA;II;2,5-3;38;-;-;-;1;-;-;-;-;2 150,00 zｳ
;TCZ-38/III;TARCICA CZERE君IA;III;2,5-3;38;-;-;-;1;-;-;-;-;1 350,00 zｳ
;TA-28/I;TARCICA AKACJA PARZONA;I;2-3,5;28;-;-;-;1;-;-;-;-;2 350,00 zｳ
;TA-28/II;TARCICA AKACJA PARZONA;II;2-3,5;28;-;-;-;1;-;-;-;-;1 850,00 zｳ
;TA-28/III;TARCICA AKACJA PARZONA;III;2-3,5;28;-;-;-;1;-;-;-;-;1 250,00 zｳ
;TA-50/I;TARCICA AKACJA PARZONA;I;2,5-3;50;-;-;-;1;-;-;-;-;2 350,00 zｳ
;TA-50/II;TARCICA AKACJA PARZONA;II;2,5-3;50;-;-;-;1;-;-;-;-;1 850,00 zｳ
;TA-50/III;TARCICA AKACJA PARZONA;III;2,5-3;50;-;-;-;1;-;-;-;-;1 250,00 zｳ
;;;;;;;;;;;;;;
WIﾊ州A DACHOWA SOSNA;TSN-25;TARCICA NIEIMPREGNOWANA;-;04-lut;25;-;-;-;1;-;-;-;-;550,00 zｳ
;TSI-25;TARCICA IMPREGNOWANA;-;04-lut;25;-;-;-;1;-;-;-;-;600,00 zｳ
;｣S;｣ATA;-;4;40;60;-;-;-;-;1;-;-;1,95 zｳ
;｣S;｣ATA;-;4;40;60;-;-;1;-;-;-;-;815,00 zｳ
;KS;KONTR｣ATA;-;04-lut;25;50;-;-;-;-;1;-;-;1,00 zｳ
;KS;KONTR｣ATA;-;04-lut;25;50;-;-;1;-;-;-;-;800,00 zｳ
;KRSN;KRAWﾊDZIAKI NIEIMPREGNOWANE;-;0-13;-;-;-;-;1;-;-;-;-;780,00 zｳ
;KRSI;KRAWﾊDZIAKI IMPREGNOWANE;-;0-13;-;-;-;-;1;-;-;-;-;800,00 zｳ
;BS-17;BOAZERIA;-;03-lut;17;90;-;-;-;1;-;-;-;29,50 zｳ
;BS-22;BOAZERIA;-;3;22;110;-;-;-;1;-;-;-;23,00 zｳ
;;;;;;;;;;;;;;
DESKA POD｣OGOWA;DPDS-145/1,2;D･B;SELECT;0,4-1,2;22;145;-;-;-;1;-;-;-;210,00 zｳ
;DPDS-145/1,8;D･B;SELECT;1,2-1,8;22;145;-;-;-;1;-;-;-;246,00 zｳ
;DPDS-145/2,2;D･B;SELECT;1,8-2,2;22;145;-;-;-;1;-;-;-;296,00 zｳ
;DPDN-145/1,2;D･B;NATURAL;0,4-1,2;22;145;-;-;-;1;-;-;-;162,00 zｳ
;DPDN-145/1,8;D･B;NATURAL;1,2-1,8;22;145;-;-;-;1;-;-;-;196,00 zｳ
;DPDN-145/2,2;D･B;NATURAL;1,8-2,2;22;145;-;-;-;1;-;-;-;248,00 zｳ
;DPDR-145/1,2;D･B;RUSTICAL;0,4-1,2;22;145;-;-;-;1;-;-;-;118,00 zｳ
;DPDR-145/1,8;D･B;RUSTICAL;1,2-1,8;22;145;-;-;-;1;-;-;-;155,00 zｳ
;DPDR-145/2,2;D･B;RUSTICAL;1,8-2,2;22;145;-;-;-;1;-;-;-;176,00 zｳ
;DPDN-180/1,2;D･B;NATURAL;0,4-1,2;22;180;-;-;-;1;-;-;-;240,00 zｳ
;DPDN-180/1,2;D･B;RUSTICAL;0,4-1,2;22;180;-;-;-;1;-;-;-;160,00 zｳ
;DPS-AB/3;SOSNA;AB;3;28;130;-;-;-;1;-;-;-;45,00 zｳ
;DPS-AB/4;SOSNA;AB;4;28;130;-;-;-;1;-;-;-;55,00 zｳ
;DPS-AB/4,5;SOSNA;AB;4,5;28;130;-;-;-;1;-;-;-;55,00 zｳ
;DPS-AB/5;SOSNA;AB;5;28;130;-;-;-;1;-;-;-;60,00 zｳ
;DPS-B/3;SOSNA;B;3;28;130;-;-;-;1;-;-;-;40,00 zｳ
;DPS-B/4;SOSNA;B;4;28;130;-;-;-;1;-;-;-;45,00 zｳ
;DPS-B/4,5;SOSNA;B;4,5;28;130;-;-;-;1;-;-;-;45,00 zｳ
;DPS-B/5;SOSNA;B;5;28;130;-;-;-;1;-;-;-;50,00 zｳ
;DPM-AB/3;MODRZEW;AB;3;28;130;-;-;-;1;-;-;-;70,00 zｳ
;DPM-AB/4;MODRZEW;AB;4;28;130;-;-;-;1;-;-;-;75,00 zｳ
;DPM-AB/4,5;MODRZEW;AB;4,5;28;130;-;-;-;1;-;-;-;75,00 zｳ
;DPM-AB/5;MODRZEW;AB;5;28;130;-;-;-;1;-;-;-;85,00 zｳ
;DPM-B/3;MODRZEW;B;3;28;130;-;-;-;1;-;-;-;50,00 zｳ
;DPM-B/4;MODRZEW;B;4;28;130;-;-;-;1;-;-;-;55,00 zｳ
;DPM-B/4,5;MODRZEW;B;4,5;28;130;-;-;-;1;-;-;-;55,00 zｳ
;DPM-B/5;MODRZEW;B;5;28;130;-;-;-;1;-;-;-;65,00 zｳ
;DPO-145/1,2;ORZECH;-;0,4-1,2;22;145;-;-;-;1;-;-;-;380,00 zｳ
;DPCZ-145/1,2;CZERE君IA;-;0,4-1,2;22;145;-;-;-;1;-;-;-;235,00 zｳ
;DPB-AB/1,2;BUK PARZONY;AB;0,4-1,2;22;145;-;-;-;1;-;-;-;120,00 zｳ
;DPB-B/1,2;BUK PARZONY;B;0,4-1,2;22;145;-;-;-;1;-;-;-;89,00 zｳ
;DPK-N/1,2;KLON;NATURAL;0,4-1,2;22;145;-;-;-;1;-;-;-;162,00 zｳ
;DPK-N/1,8;KLON;NATURAL;1,2-1,8;22;145;-;-;-;1;-;-;-;178,00 zｳ
;DPK-N/2,2;KLON;NATURAL;1,8-2,2;22;145;-;-;-;1;-;-;-;215,00 zｳ
;DPK-R/1,2;KLON;RUSTICAL;0,4-1,2;22;145;-;-;-;1;-;-;-;118,00 zｳ
;DPK-R/1,8;KLON;RUSTICAL;1,2-1,8;22;145;-;-;-;1;-;-;-;144,00 zｳ
;DPK-R/2,2;KLON;RUSTICAL;1,8-2,2;22;145;-;-;-;1;-;-;-;165,00 zｳ
;DPBR-AB/1,2;BRZOZA;AB;0,4-1,2;22;145;-;-;-;1;-;-;-;75,00 zｳ
;DPBR-AB/1,8;BRZOZA;AB;1,2-1,8;22;145;-;-;-;1;-;-;-;85,00 zｳ
;DPBR-B/1,2;BRZOZA;B;0,4-1,2;22;145;-;-;-;1;-;-;-;52,00 zｳ
;DPBR-B/1,8;BRZOZA;B;1,2-1,8;22;145;-;-;-;1;-;-;-;62,00 zｳ
;DPDL;LONG D･B;-;0-7,2;22;do 205;-;-;-;1;-;-;-;98,00 zｳ
;DPJL;LONG JESION;-;0-7,2;22;do 205;-;-;-;1;-;-;-;93,00 zｳ
;DPDP-180/2,2;POSTARZANA DﾊBOWA;-;0,4-2,2;22;180;-;-;-;1;-;-;-;380,00 zｳ
;DPDP-145/180/2,2;POSTARZANA DﾊBOWA;-;0,4-2,2;22;145-180;-;-;-;1;-;-;-;330,00 zｳ
;DPDP-145/2,2;POSTARZANA DﾊBOWA;-;0,4-2,2;22;145;-;-;-;1;-;-;-;320,00 zｳ
;DTS-140/3;DESKA TARASOWA SOSNA;AB;3;28;140;-;-;-;1;-;-;-;45,00 zｳ
;DTS-140/4,5;DESKA TARASOWA SOSNA;AB;4m-4,5m;28;140;-;-;-;1;-;-;-;55,00 zｳ
;DTS-140/5;DESKA TARASOWA SOSNA;AB;5;28;140;-;-;-;1;-;-;-;60,00 zｳ
;DTM-140/3;DESKA TARASOWA MODRZEW;AB;3;28;140;-;-;-;1;-;-;-;75,00 zｳ
;DTM-140/4,5;DESKA TARASOWA MODRZEW;AB;4m-4,5m;28;140;-;-;-;1;-;-;-;80,00 zｳ
;DTM-140/5;DESKA TARASOWA MODRZEW;AB;5;28;140;-;-;-;1;-;-;-;90,00 zｳ
;LS-22;LEGAR 22;-;4,5;22;65;-;-;-;-;1;-;-;2,55 zｳ
;LS-44;LEGAR 44;-;4,5;44;65;-;-;-;-;1;-;-;5,10 zｳ
;LS-66;LEGAR 66;-;4,5;66;65;-;-;-;-;1;-;;7,64 zｳ
;LS-88;LEGAR 88;-;4,5;88;65;-;-;-;-;1;-;-;10,18 zｳ
;LS-110;LEGAR 110;-;4,5;110;65;-;-;-;-;1;-;-;12,73 zｳ
;LS-132;LEGAR 132;-;4,5;132;65;-;-;-;-;1;-;-;15,27 zｳ
;LPD-65;LISTWA PRZYPOD｣OGOWA D･B;-;1;22;65;-;-;-;-;1;-;-;12,00 zｳ
;LPJ-65;LISTWA PRZYPOD｣OGOWA JESION;-;1;22;65;-;-;-;-;1;-;-;12,00 zｳ
;LPA-65;LISTWA PRZYPOD｣OGOWA AKACJA;-;1;22;65;-;-;-;-;1;-;-;12,00 zｳ
;LPS-65;LISTWA PRZYPOD｣OGOWA SOSNA;-;1;22;65;-;-;-;-;1;-;-;7,00 zｳ
;LPM-65;LISTWA PRZYPOD｣OGOWA MODZREW;-;1;22;65;-;-;-;-;1;-;-;8,00 zｳ
;LPO-65;LISTWA PRZYPOD｣OGOWA ORZECH;-;1;22;65;-;-;-;-;1;-;-;20,00 zｳ
;LPCZ-65;LISTWA PRZYPOD｣OGOWA CZERE君IA;-;1;22;65;-;-;-;-;1;-;-;14,00 zｳ
;LPBP-65/AB;LISTWA PRZYPOD｣OGOWA BUK PARZONY KL AB;-;1;22;65;-;-;-;-;1;-;-;12,00 zｳ
;LPBP-65/B;LISTWA PRZYPOD｣OGOWA BUK PARZONY KL B;-;1;22;65;-;-;-;-;1;-;-;9,00 zｳ
;LPK-65;LISTWA PRZYPOD｣OGOWA KLON;-;1;22;65;-;-;-;-;1;-;-;12,00 zｳ
;LPBR-65;LISTWA PRZYPOD｣OGOWA BRZOZA;-;1;22;65;-;-;-;-;1;-;-;7,00 zｳ
;LPDP-65;LISTWA PRZYPOD｣OGOWA POSTARZANY D･B;-;1;22;65;-;-;-;-;1;-;-;26,00 zｳ
;;;;;;;;;;;;;;
ELEMENTY KLEJONE;EKDL-AA/1,5;ELEMENTY DﾊBOWE LITE NA D｣UGO姑;AA;0-1,5;44;-;-;-;-;1;-;-;-;330,00 zｳ
;EKDL-AB/1,5;ELEMENTY DﾊBOWE LITE NA D｣UGO姑;AB;0-1,5;44;-;-;-;-;1;-;-;-;250,00 zｳ
;EKDL-AA/3;ELEMENTY DﾊBOWE LITE NA D｣UGO姑;AA;1,5-3;44;-;-;-;-;1;-;-;-;450,00 zｳ
;EKDL-AB/3;ELEMENTY DﾊBOWE LITE NA D｣UGO姑;AB;1,5-3;44;-;-;-;-;1;-;-;-;360,00 zｳ
;EKDL-AA/4;ELEMENTY DﾊBOWE LITE NA D｣UGO姑;AA;04-mar;44;-;-;-;-;1;-;-;-;550,00 zｳ
;EKDL-AB/4;ELEMENTY DﾊBOWE LITE NA D｣UGO姑;AB;04-mar;44;-;-;-;-;1;-;-;-;450,00 zｳ
;EKDK-AA/4;ELEMENTY DﾊBOWE KLEJONE NA D｣UGO姑;AA;0-4;44;-;-;-;-;1;-;-;-;330,00 zｳ
;EKDK-AB/4;ELEMENTY DﾊBOWE KLEJONE NA D｣UGO姑;AB;0-4;44;-;-;-;-;1;-;-;-;250,00 zｳ
;EKJL-AA/1,5;ELEMENTY JESIONOWE LITE NA D｣UGO姑;AA;0-1,5;44;-;-;-;-;1;-;-;-;330,00 zｳ
;EKJL-AB/1,5;ELEMENTY JESIONOWE LITE NA D｣UGO姑;AB;0-,15;44;-;-;-;-;1;-;-;-;250,00 zｳ
;EKJL-AA/3;ELEMENTY JESIONOWE LITE NA D｣UGO姑;AA;1,5-3;44;-;-;-;-;1;-;-;-;400,00 zｳ
;EKJL-AB/3;ELEMENTY JESIONOWE LITE NA D｣UGO姑;AB;1,5-3;44;-;-;-;-;1;-;-;-;360,00 zｳ
;EKJL-AA/4;ELEMENTY JESIONOWE LITE NA D｣UGO姑;AA;04-mar;44;-;-;-;-;1;-;-;-;525,00 zｳ
;EKJL-AB/4;ELEMENTY JESIONOWE LITE NA D｣UGO姑;AB;04-mar;44;-;-;-;-;1;-;-;-;400,00 zｳ
;EKJK-AA/4;ELEMENTY JESIONOWE KLEJONE NA D｣UGO姑;AA;0-4;44;-;-;-;-;1;-;-;-;330,00 zｳ
;EKJK-AB/4;ELEMENTY JESIONOWE KLEJONE NA D｣UGO姑;AB;0-4;44;-;-;-;-;1;-;-;-;250,00 zｳ
;EKBL-AA/1,5;ELEMENTY BUKOWE LITE NA D｣UGO姑;AA;0-1,5;44;-;-;-;-;1;-;-;-;330,00 zｳ
;EKBL-AB/1,5;ELEMENTY BUKOWE LITE NA D｣UGO姑;AB;0-,15;44;-;-;-;-;1;-;-;-;250,00 zｳ
;EKBL-AA/3;ELEMENTY BUKOWE LITE NA D｣UGO姑;AA;1,5-3;44;-;-;-;-;1;-;-;-;400,00 zｳ
;EKBL-AB/3;ELEMENTY BUKOWE LITE NA D｣UGO姑;AB;1,5-3;44;-;-;-;-;1;-;-;-;360,00 zｳ
;EKBK-AA/4;ELEMENTY BUKOWE KLEJONE NA D｣UGO姑;AA;0-4;44;-;-;-;-;1;-;-;-;330,00 zｳ
;EKBK-AB/4;ELEMENTY BUKOWE KLEJONE NA D｣UGO姑;AB;0-4;44;-;-;-;-;1;-;-;-;250,00 zｳ
;EKSL-AA/1,5;ELEMENTY SOSNOWE LITE NA D｣UGO姑;AA;0-1,5;44;-;-;-;-;1;-;-;-;180,00 zｳ
;EKSL-AB/1,5;ELEMENTY SOSNOWE LITE NA D｣UGO姑;AB;0-,15;44;-;-;-;-;1;-;-;-;150,00 zｳ
;EKSL-AA/3;ELEMENTY SOSNOWE LITE NA D｣UGO姑;AA;1,5-3;44;-;-;-;-;1;-;-;-;200,00 zｳ
;EKSL-AB/3;ELEMENTY SOSNOWE LITE NA D｣UGO姑;AB;1,5-3;44;-;-;-;-;1;-;-;-;170,00 zｳ
;EKSL-AA/4;ELEMENTY SOSNOWE LITE NA D｣UGO姑;AA;04-mar;44;-;-;-;-;1;-;-;-;300,00 zｳ
;EKSL-AB/4;ELEMENTY SOSNOWE LITE NA D｣UGO姑;AB;04-mar;44;-;-;-;-;1;-;-;-;200,00 zｳ
;EKSK-AA/4;ELEMENTY SOSNOWE KLEJONE NA D｣UGO姑;AA;0-4;44;-;-;-;-;1;-;-;-;180,00 zｳ
;EKSK-AB/4;ELEMENTY SOSNOWE KLEJONE NA D｣UGO姑;AB;0-4;44;-;-;-;-;1;-;-;-;150,00 zｳ
;;;;;;;;;;;;;-;
;SZJ;SZLIFOWANIE JEDNOSTRONNE;-;-;-;-;-;-;-;1;-;-;-;20,00 zｳ
;SZD;SZLIFOWANIE DWUSTRONNE;-;-;-;-;-;-;-;1;-;-;-;40,00 zｳ
;F;FORMATYZOWANIE;;;;;;;;;;;;10% WARTO靴I MATERIA｣U
;PMB;P｣YTA MEBLOWA BUKOWA (ZAPYTAJ U SPRZEDAWCY);;;;;;;;;;;;
;;;;;;;;;;;;;;
RAMIAK DRZWIOWY;RDD-43/125;KLEJONKA DﾊBOWA OB｣OGOWANA OB｣OG･ DﾊBOW･;-;2,15;43;125;-;-;-;-;1;-;-;38,00 zｳ
;RDD-43/135;KLEJONKA DﾊBOWA OB｣OGOWANA OB｣OG･ DﾊBOW･;-;2,15;43;135;-;-;-;-;1;-;-;41,00 zｳ
;RDD-43/145;KLEJONKA DﾊBOWA OB｣OGOWANA OB｣OG･ DﾊBOW･;-;2,15;43;145;-;-;-;-;1;-;-;44,00 zｳ
;RDJ-43/125;KLEJONKA JESIONOWA OB｣OGOWANA OB｣OG･ JESIONOW･;-;2,15;43;125;-;-;-;-;1;-;-;35,00 zｳ
;RDJ-43/135;KLEJONKA JESIONOWA OB｣OGOWANA OB｣OG･ JESIONOW･;-;2,15;43;135;-;-;-;-;1;-;-;38,00 zｳ
;RDJ-43/145;KLEJONKA JESIONOWA OB｣OGOWANA OB｣OG･ JESIONOW･;-;2,15;43;145;-;-;-;-;1;-;-;41,00 zｳ
;RDO-43/125;KLEJONKA OLCHOWA OB｣OGOWANA OB｣OG･ OLCHOW･;-;2,15;43;125;-;-;-;-;1;-;-;34,00 zｳ
;RDO-43/145;KLEJONKA OLCHOWA OB｣OGOWANA OB｣OG･ OLCHOW･;-;2,15;43;145;-;-;-;-;1;-;-;39,00 zｳ
;RDS-43/125;KLEJONKA SOSNOWA OB｣OGOWANA OB｣OG･ SOSNOW･;-;2,15;43;125;-;-;-;-;1;-;-;33,00 zｳ
;RDS-43/145;KLEJONKA SOSNOWA OB｣OGOWANA OB｣OG･ SOSNOW･;-;2,15;43;145;-;-;-;-;1;-;-;38,00 zｳ
;RDD-68/135;KLEJONKA DﾊBOWA OB｣OGOWANA OB｣OG･ DﾊBOW･;-;2,15;68;135;-;-;-;-;1;-;-;65,00 zｳ
;RDS-68/135;KLEJONKA SOSNOWA OB｣OGOWANA OB｣OG･ SOSNOW･;-;2,15;68;135;-;-;-;-;1;-;-;55,00 zｳ
;RDJ-68/135;KLEJONKA JESIONOWA OB｣OGOWANA OB｣OG･ JESIONOW･;-;2,15;68;135;-;-;-;-;1;-;-;63,00 zｳ
;RDO-68/135;KLEJONKA OLCHOWA OB｣OGOWANA OB｣OG･ OLCHOW･;-;2,15;68;135;-;-;-;-;1;-;-;58,00 zｳ
;OD-4;OB｣OGI DﾊBOWE;-;2,15;4;-;-;-;-;1;-;-;-;65,00 zｳ
;OD-3;OB｣OGI DﾊBOWE;-;2,15;3;-;-;-;-;1;-;-;-;55,00 zｳ
;OJ-4;OB｣OGI JESIONOWE;-;2,15;4;-;-;-;-;1;-;-;-;65,00 zｳ
;OJ-3;OB｣OGI JESIONOWE;-;2,15;3;-;-;-;-;1;-;-;-;55,00 zｳ
;OS-4;OB｣OGI SOSNOWE;-;2,15;4;-;-;-;-;1;-;-;-;45,00 zｳ
;OS-3;OB｣OGI SOSNOWE;-;2,15;3;-;-;-;-;1;-;-;-;35,00 zｳ
;OL-4;OB｣OGI OLCHOWE;-;2,15;4;-;-;-;-;1;-;-;-;55,00 zｳ
;OL-3;OB｣OGI OLCHOWE;-;2,15;3;-;-;-;-;1;-;-;-;45,00 zｳ
;;;;;;;;;;;;;;
AKCESORIA POD｣OGOWE;MAT-100;MATA POD PARKIET;-;50;-;1;-;-;-;1;-;-;-;1 000,00 zｳ
;WB-280;GRUNT DO MASY - DO POD｣OｯA NIECH｣ONNY;-;-;-;-;5;-;-;-;-;-;1;108,00 zｳ
;C-700;MASA NAPRAWCZA;-;-;-;-;-;25;-;-;-;1;-;118,00 zｳ
;LIC-710;MASA SAMOPOZIOMUJ･CA;-;-;-;-;-;25;-;-;-;1;-;270,00 zｳ
;PB-230/4,5;GRUNT POLIURETANOWY;-;-;-;-;4,5;-;-;-;-;-;1;162,00 zｳ
;PB-230/9;GRUNT POLIURETANOWY;-;-;-;-;9;-;-;-;-;-;1;300,00 zｳ
;SU/5;ROZCIEﾑCZALNIK DO GRUNTU POLIURETANOWEGO ;-;-;-;-;5;-;-;-;-;-;1;104,00 zｳ
;SU/10;ROZCIEﾑCZALNIK DO GRUNTU POLIURETANOWEGO ;-;-;-;-;10;-;-;-;-;-;1;185,00 zｳ
;PB-235/5;GRUNT POLIURETANOWY NISKOEMISYJN;-;-;-;-;5;-;-;-;-;-;1;500,00 zｳ
;PB-235/10;GRUNT POLIURETANOWY NISKOEMISYJN;-;-;-;-;10;-;-;-;-;-;1;162,00 zｳ
;PB-890/5;KLEJ PU 2-SK｣ADNIKOWY;-;-;-;-;-;5;-;-;-;1;-;99,00 zｳ
;PB-890/10;KLEJ PU 2-SK｣ADNIKOWY;-;-;-;-;-;10;-;-;-;1;-;186,00 zｳ
;HB-810;KLEJ ELASTYCZNY HYBRYDOWY;-;-;-;-;-;15;-;-;-;1;-;350,00 zｳ
;PB-350;KLEJ PU NAPRAWKOWY;-;-;-;-;-;0,8;-;-;-;1;-;50,00 zｳ
;FS-410/5;SZPACHLA ROZPUSZCZALNIKOWA;-;-;-;-;5;-;-;-;-;-;1;140,00 zｳ
;FS-410/10;SZPACHLA ROZPUSZCZALNIKOWA;-;-;-;-;10;-;-;-;-;-;1;259,00 zｳ
;S-460/5;LAKIER PODK｣ADOWY SYNTETYCZNY;-;-;-;-;5;-;-;-;-;-;1;200,00 zｳ
;PW-460;LAKIER POLIURETANOWY WODNY 2K (Pﾓ｣MAT);-;-;-;-;5,35;-;-;-;-;-;1;414,00 zｳ
;AB-441;LAKIER 2K CHEMOUTWARDZALNY (Pﾓ｣MAT, PO｣YSK);-;-;-;-;4,95;-;-;-;-;-;1;207,00 zｳ
;PM-100;CZY靴IK DO POD｣ﾓG LAKIEROWANYCH;-;-;-;-;0,75;-;-;-;-;-;1;25,00 zｳ
;PM-120;軍ODEK PIELﾊGNACYJNY DO POD｣ﾓG;-;-;-;-;0,75;-;-;-;-;-;1;33,00 zｳ
;OL-610;OLEJ HS ;-;-;-;-;2,5;-;-;-;-;-;1;245,00 zｳ
;OL-610/R;ROZCIEﾑCZALNIK DO OLEJU OL-610;-;-;-;-;1;-;-;-;-;-;1;45,00 zｳ
;OL-610/2K;UTWARDZACZ DO OLEJU OL-610 - 2K;-;-;-;-;0,5;-;-;-;-;-;1;80,00 zｳ
;0L-611/1;OLEJ KOLORYZUJ･CY;-;-;-;-;1;-;-;-;-;-;1;135,00 zｳ
;OL-620/5;OLEJ DO POD｣ﾓG DREWNIANYCH;-;-;-;-;5;-;-;-;-;-;1;290,00 zｳ
;OL-650/5;OLEJOWOSK;-;-;-;-;5;-;-;-;-;-;1;490,00 zｳ
;OL-670/1;WOSK PIELﾊGNACYJNY;-;-;-;-;1;-;-;-;-;-;1;70,00 zｳ
;OL-680/1;MYD｣O DO POD｣ﾓG ;-;-;-;-;1;-;-;-;-;-;1;50,00 zｳ
;OL-690/1;OLEJ PIELﾊGNACYJNY;-;-;-;-;1;-;-;-;-;-;1;70,00 zｳ
